Id;Label;Book;Planet;Race;Region
1;Abaray;Stormlight Archive;Rosharans;Singers;Other
4;Abrial;Stormlight Archive;Rosharans;Veden;Other
5;Abrobadar;Stormlight Archive;Rosharans;Other;Other
6;Abronai;Stormlight Archive;Rosharans;Singers;Other
7;Abry;Stormlight Archive;Rosharans;Alethi;Other
8;Acis;Stormlight Archive;Rosharans;Alethi;Other
9;Adawathwyn;Mistborn Era 2;Scadrians;Other;Terris
10;Adien;Elantris;Selish;Aonic;Arelene
12;Adis;Stormlight Archive;Rosharans;Other;Other
13;Admiral;The Sunlit Man;Threnodite;Other;Other
15;Adolin Kholin;Stormlight Archive;Rosharans;Alethi;Other
16;Adonalsium;Other;Other;Other;Other
18;Adrotagia;Stormlight Archive;Rosharans;Other;Kharbranthians
19;Aeo;Elantris;Selish;Seons;Other
21;Agil;Stormlight Archive;Rosharans;Alethi;Other
23;Aharat;Stormlight Archive;Rosharans;Singers;Other
24;Ais;White Sand;Taldaini;Kerztians;Lossandins
25;Akane;Yumi and the Nightmare Painter;Komashi;Nagadan;Other
26;Ala;Stormlight Archive;Rosharans;Seons;Other
27;Alabet;Stormlight Archive;Rosharans;Alethi;Other
28;Aladar;Stormlight Archive;Rosharans;Alethi;Other
29;Alai;Stormlight Archive;Rosharans;Other;Other
30;Alakavish;Stormlight Archive;Rosharans;Other;Other
34;Alaward;Stormlight Archive;Rosharans;Alethi;Other
36;Alazansi;Stormlight Archive;Rosharans;Other;Other
38;Aledin;Mistborn Era 1;Scadrians;Skaa;Other
39;Alendi;Mistborn Era 1;Scadrians;Khlenni;Other
41;Alezarv;Stormlight Archive;Rosharans;Other;Other
42;Ali-daughter-Hasweth;Stormlight Archive;Rosharans;Shin;Other
47;Allmother;Warbreaker;Nalthians;Other;Hallandren
51;Allrianne Cett;Mistborn Era 1;Scadrians;Other;Other
52;Allrianne's mother;Mistborn Era 1;Scadrians;Other;Other
53;Allstren Cynder;White Sand;Taldaini;Other;Darksiders
54;Alonoe;Other;Selish;Other;Other
55;Alstben;Stormlight Archive;Rosharans;Other;Thaylen
56;Altoki;Stormlight Archive;Rosharans;Singers;Other
57;Alvettaren;Stormlight Archive;Rosharans;Spren;Other
58;Amaranta;Mistborn Era 1;Scadrians;Other;Other
59;Amark;Stormlight Archive;Rosharans;Veden;Other
60;Ambrian;Stormlight Archive;Rosharans;Other;Other
61;Amuna;Stormlight Archive;Rosharans;Spren;Other
64;Ann;Tress of the Emerald Sea;Lumarans;Other;Other
66;Antillius Shezler;Mistborn Era 1;Scadrians;Other;Other
67;Aona;Elantris;Selish;Other;Other
70;Aqqu;Stormlight Archive;Rosharans;Other;Other
71;Aradan Yomen;Mistborn Era 1;Scadrians;Other;Other
74;Aratin Khal;Stormlight Archive;Rosharans;Alethi;Other
76;Archinal;Stormlight Archive;Rosharans;Spren;Other
78;Ardous Geffenry;Mistborn Era 1;Scadrians;Other;Other
80;Arik;Stormlight Archive;Rosharans;Other;Other
82;Armal;Mistborn Era 2;Scadrians;Other;Other
83;Arriev;Mistborn Era 1;Scadrians;Other;Other
84;Arshqqam;Stormlight Archive;Rosharans;Other;Other
85;Arsteel;Warbreaker;Nalthians;Other;Other
87;Ashe;Elantris;Selish;Seons;Other
88;Ashelem;Stormlight Archive;Rosharans;Alethi;Other
89;Ashertmarn;Stormlight Archive;Rosharans;Spren;Other
92;Ashir;Stormlight Archive;Rosharans;Other;Other
93;Ashlv;Stormlight Archive;Rosharans;Other;Thaylen
95;Ashravan;The Emperor's Soul;Selish;Other;Other
97;Ashweather Cett;Mistborn Era 1;Scadrians;Other;Other
98;Aslydin;Mistborn Era 1;Scadrians;Other;Terris
99;Asthta-daughter-Methista;Stormlight Archive;Rosharans;Shin;Other
101;Ati;Mistborn Era 1;Scadrians;Other;Other
102;Ati (seon);Elantris;Selish;Seons;Other
111;Austre;Warbreaker;Other;Other;Other
112;Auxiliary;The Sunlit Man;Rosharans;Spren;Other
115;Avarak Matal;Stormlight Archive;Rosharans;Alethi;Other
117;Avena;Stormlight Archive;Rosharans;Other;Other
120;Axikk;Stormlight Archive;Rosharans;Azish;Other
121;Axindweth;Stormlight Archive;Other;Other;Terris
124;Ba-Ado-Mishram;Stormlight Archive;Rosharans;Spren;Other
125;Badali;Stormlight Archive;Rosharans;Other;Other
126;Bahmen;Mistborn Era 1;Scadrians;Other;Other
129;Baon;White Sand;Taldaini;Iiarians (page does not exist);Darksiders
131;Barlesha Lhan;Stormlight Archive;Rosharans;Other;Other
134;Bashin;Stormlight Archive;Rosharans;Alethi;Other
138;Battar;Stormlight Archive;Rosharans;Other;Other
139;Bavadin;White Sand;Yolish;Other;Other
140;Bavamar;Stormlight Archive;Rosharans;Other;Other
143;Beard;Stormlight Archive;Rosharans;Alethi;Other
146;Bedes;Mistborn Era 1;Scadrians;Other;Other
148;Bek;Tress of the Emerald Sea;Lumarans;Other;Other
149;Bekenah;Stormlight Archive;Other;Other;Other
150;Beld;Stormlight Archive;Rosharans;Alethi;Other
151;Beldre;Mistborn Era 1;Scadrians;Other;Other
153;Bendal;Mistborn Era 1;Scadrians;Other;Other
154;Bendthel;Stormlight Archive;Rosharans;Other;Other
155;Benneh;Stormlight Archive;Rosharans;Other;Other
156;Bennitson;Mistborn Era 1;Scadrians;Other;Other
157;Beryl;Stormlight Archive;Rosharans;Alethi;Other
159;Bethab;Stormlight Archive;Rosharans;Alethi;Other
160;Bettam;Stormlight Archive;Rosharans;Other;Other
161;Bevidon;Mistborn Era 1;Scadrians;Other;Other
162;Beznk;Stormlight Archive;Rosharans;Other;Thaylen
164;Bila;Stormlight Archive;Rosharans;Singers;Other
165;Bilg;Mistborn Era 1;Scadrians;Skaa;Other
167;Bisig;Stormlight Archive;Rosharans;Other;Other
170;Blended;Stormlight Archive;Rosharans;Spren;Other
172;Blome;Mistborn Era 2;Scadrians;Other;Other
176;Blushweaver;Warbreaker;Nalthians;Other;Hallandren
180;Borea;Stormlight Archive;Rosharans;Spren;Other
181;Boriar;Stormlight Archive;Rosharans;Veden;Other
185;Brekv;Stormlight Archive;Rosharans;Other;Thaylen
186;Brettin;Mistborn Era 2;Scadrians;Other;Other
187;Brianlia;Stormlight Archive;Rosharans;Singers;Other
189;Brighthue;Warbreaker;Nalthians;Other;Hallandren
192;Brightvision;Warbreaker;Nalthians;Other;Hallandren
197;Burl (character);Mistborn Era 2;Scadrians;Other;Other
199;Bussik;Stormlight Archive;Rosharans;Other;Other
200;Cabe;Mistborn Era 1;Scadrians;Other;Other
201;Caberel;Mistborn Era 2;Scadrians;Other;Other
207;Cael;Stormlight Archive;Rosharans;Other;Other
208;Caelinora;Stormlight Archive;Rosharans;Spren;Other
209;Cali;Stormlight Archive;Rosharans;Other;Other
210;Cali Hatthew;Mistborn Era 2;Scadrians;Other;Other
211;Calinam;Stormlight Archive;Rosharans;Other;Other
213;Caller of Springs;Stormlight Archive;Rosharans;Singers;Other
215;Callins Geffenry;Mistborn Era 1;Scadrians;Other;Other
216;Calmseer;Warbreaker;Nalthians;Other;Hallandren
219;Carlee;Mistborn Era 1;Scadrians;Other;Other
221;Cassileux;Mistborn Era 2;Scadrians;Other;Other
222;Caull;Stormlight Archive;Rosharans;Alethi;Other
223;Cenn;Stormlight Archive;Rosharans;Alethi;Other
225;Chaeyung;Yumi and the Nightmare Painter;Komashi;Nightmares;Torish
227;Chanada;Stormlight Archive;Rosharans;Alethi;Other
228;Chananar;Stormlight Archive;Rosharans;Other;Other
229;Chanarach;Stormlight Archive;Rosharans;Other;Other
234;Charlie;Tress of the Emerald Sea;Lumarans;Other;Other
236;Charrs Entrone;Mistborn Era 1;Scadrians;Other;Other
237;Chemoarish;Stormlight Archive;Rosharans;Spren;Other
240;Chip (constable);Mistborn Era 2;Scadrians;Other;Other
244;Chivi;Stormlight Archive;Rosharans;Singers;Other
245;Cimines;Mistborn Era 2;Scadrians;Other;Other
246;Cinder King;The Sunlit Man;Threnodite;Other;Other
247;Cladent;Mistborn Era 1;Scadrians;Skaa;Other
248;Clamps;Mistborn Era 2;Scadrians;Other;Other
249;Claude Aradel;Mistborn Era 2;Scadrians;Other;Other
252;Clod;Warbreaker;Nalthians;Other;Other
256;Cobble;Mistborn Era 1;Scadrians;Skaa;Other
257;Coldwin;Stormlight Archive;Rosharans;Other;Other
258;Colot;Stormlight Archive;Rosharans;Alethi;Other
263;Conrad;Mistborn Era 1;Scadrians;Other;Other
267;Cord;Stormlight Archive;Rosharans;Other;Unkalaki
268;Coreb;Stormlight Archive;Rosharans;Other;Other
269;Corl;Stormlight Archive;Rosharans;Other;Other
270;Cormshen;Stormlight Archive;Rosharans;Other;Other
274;Creer;Stormlight Archive;Rosharans;Other;Other
277;Crews Geffenry;Mistborn Era 1;Scadrians;Other;Other
278;Crow;Tress of the Emerald Sea;Lumarans;Other;Other
279;Culee;Mistborn Era 1;Scadrians;Other;Other
280;Cusicesh;Stormlight Archive;Rosharans;Spren;Other
281;Cyn;Stormlight Archive;Rosharans;Other;Other
284;Dabbid;Stormlight Archive;Rosharans;Alethi;Other
286;Dahad;Elantris;Selish;Aonic;Other
287;Dai-Gonarthis;Stormlight Archive;Rosharans;Spren;Other
290;Dalar;Stormlight Archive;Rosharans;Alethi;Other
291;Dali;Stormlight Archive;Rosharans;Other;Other
292;Dalinar Kholin;Stormlight Archive;Rosharans;Alethi;Other
294;Dalksi;Stormlight Archive;Rosharans;Azish;Other
295;Dallet;Stormlight Archive;Rosharans;Alethi;Other
297;Danlan Morakotha;Stormlight Archive;Rosharans;Alethi;Other
298;Dao;Mistborn Era 2;Scadrians;Seons;Other
301;Darcira;Stormlight Archive;Rosharans;Other;Other
306;Dashe;Elantris;Selish;Aonic;Other
309;Davim;Stormlight Archive;Rosharans;Singers;Other
310;Dean;Other;Scadrians;Other;Other
315;Dedri Vasting;Mistborn Era 1;Scadrians;Other;Other
316;Deedanor;Stormlight Archive;Rosharans;Alethi;Other
318;Delgo;Stormlight Archive;Rosharans;Other;Other
321;Delp;Stormlight Archive;Rosharans;Other;Other
323;Deluse Couvre;Mistborn Era 1;Scadrians;Other;Other
324;Dem;Stormlight Archive;Rosharans;Other;Other
325;Demid;Stormlight Archive;Rosharans;Singers;Other
327;Demoux;Mistborn Era 1;Scadrians;Skaa;Other
329;Denshil;Stormlight Archive;Rosharans;Singers;Other
333;Derethil;Stormlight Archive;Rosharans;Other;Other
334;Design;Stormlight Archive;Rosharans;Spren;Other
337;Devi;Stormlight Archive;Rosharans;Singers;Other
338;Devinshae;Mistborn Era 1;Scadrians;Other;Other
341;Dialectur;Stormlight Archive;Rosharans;Other;Other
342;Dianil;Stormlight Archive;Rosharans;Singers;Other
343;Dieno;Stormlight Archive;Rosharans;Herdazians;Other
347;Dilisteni;Mistborn Era 1;Scadrians;Other;Other
349;Dio;Elantris;Selish;Seons;Other
351;Dion;Elantris;Selish;Aonic;Other
352;Diren;Elantris;Selish;Aonic;Other
354;Dirin;White Sand;Taldaini;Lossandins;Daysiders
355;Dirk;Tress of the Emerald Sea;Lumarans;Other;Other
358;Dlavil;Other;Scadrians;Southern Scadrians;Other
360;Dockson;Mistborn Era 1;Scadrians;Skaa;Other
362;Dok;Stormlight Archive;Rosharans;Alethi;Other
363;Dolimid;Stormlight Archive;Rosharans;Singers;Other
366;Donton;Mistborn Era 2;Scadrians;Other;Other
368;Doril;White Sand;Taldaini;Lossandins;Daysiders
372;Dothgen;Elantris;Selish;Other;Fjordell
373;Doug;Tress of the Emerald Sea;Lumarans;Other;Other
377;Drapen;Mistborn Era 2;Scadrians;Other;Other
379;Dreaming-though-Awake;Stormlight Archive;Rosharans;Spren;Other
381;Drehy;Stormlight Archive;Rosharans;Other;Other
384;Dridel;Mistborn Era 1;Scadrians;Other;Other
385;Drile;White Sand;Taldaini;Lossandins;Daysiders
387;Drlwan;Stormlight Archive;Rosharans;Other;Thaylen
388;Droz;Stormlight Archive;Rosharans;Liaforan (page does not exist);Other
393;Dukaler;Mistborn Era 1;Scadrians;Other;Other
394;Dukar;Stormlight Archive;Rosharans;Other;Other
396;Dumad;Mistborn Era 2;Scadrians;Other;Other
397;Dunny;Stormlight Archive;Rosharans;Alethi;Other
399;Durk;Stormlight Archive;Rosharans;Other;Other
403;Durton;Mistborn Era 1;Scadrians;Other;Other
404;Dwookim;Yumi and the Nightmare Painter;Komashi;Other;Torish
405;Dym;Stormlight Archive;Rosharans;Other;Other
407;Edgard Ladrian;Mistborn Era 1;Scadrians;Other;Other
408;Edgli;Warbreaker;Nalthians;Other;Other
410;Edwarn Ladrian;Mistborn Era 2;Scadrians;Other;Other
414;El;Stormlight Archive;Rosharans;Singers;Other
416;Elashe;Elantris;Selish;Aonic;Arelene
417;Elegy Salvage;The Sunlit Man;Threnodite;Other;Other
418;Elend Venture;Mistborn Era 1;Scadrians;Other;Other
419;Elend's mother;Mistborn Era 1;Scadrians;Other;Other
420;Eleseth;Stormlight Archive;Rosharans;Other;Other
421;Elhokar Kholin;Stormlight Archive;Rosharans;Alethi;Other
422;Elit Ruthar;Stormlight Archive;Rosharans;Alethi;Other
425;Ellista;Stormlight Archive;Rosharans;Other;Other
426;Elorin;White Sand;Taldaini;Lossandins;Daysiders
428;Elrao;Other;Selish;Other;Other
429;Elthebar;Stormlight Archive;Rosharans;Alethi;Other
430;Embrier;Mistborn Era 2;Scadrians;Other;Other
432;Enelan;Elantris;Selish;Aonic;Other
436;Eonic;Elantris;Selish;Aonic;Other
437;Epinar;Stormlight Archive;Rosharans;Other;Other
438;Eranniv;Stormlight Archive;Rosharans;Other;Other
442;Eshonai;Stormlight Archive;Rosharans;Singers;Other
444;Essu;Stormlight Archive;Rosharans;Singers;Other
445;Estnatil;Stormlight Archive;Rosharans;Other;Thaylen
446;Eth;Stormlight Archive;Rosharans;Other;Other
447;Ethid;Stormlight Archive;Rosharans;Azish;Other
449;Eusto;Sixth of the Dusk;Other;Other;Eelakin
453;Evinor;Stormlight Archive;Rosharans;Veden;Other
454;Evod Markmaker;Stormlight Archive;Rosharans;Other;Other
455;Extes;Stormlight Archive;Rosharans;Other;Other
457;Fabrisan;Stormlight Archive;Rosharans;Other;Other
458;Fafen;Warbreaker;Nalthians;Other;Idrians
460;Falilar;Stormlight Archive;Rosharans;Alethi;Other
462;Fari;Stormlight Archive;Rosharans;Other;Other
463;Faridai;Stormlight Archive;Rosharans;Singers;Other
466;Febin;Stormlight Archive;Rosharans;Alethi;Other
467;Febrth;Stormlight Archive;Rosharans;Other;Thaylen
468;Fed;Mistborn Era 2;Scadrians;Other;Terris
470;Fedre;Mistborn Era 1;Scadrians;Other;Other
471;Fedren Aime;Mistborn Era 1;Scadrians;Other;Other
474;Fellette Renoux;Mistborn Era 1;Other;Other;Other
475;Felt;Other;Scadrians;Other;Other
477;Ferson Penrod;Mistborn Era 1;Scadrians;Other;Other
479;Fia;Stormlight Archive;Rosharans;Other;Other
480;Fialia;Mistborn Era 2;Scadrians;Other;Other
482;Fimkn;Stormlight Archive;Rosharans;Other;Thaylen
484;Fion;Mistborn Era 2;Scadrians;Other;Other
486;Fisk;Stormlight Archive;Rosharans;Other;Other
489;Flavine;Mistborn Era 1;Scadrians;Other;Other
490;Fleet;Stormlight Archive;Rosharans;Other;Other
493;Flend;Stormlight Archive;Rosharans;Other;Thaylen
494;Flennid;White Sand;Taldaini;Other;Darksiders
499;Forch;Mistborn Era 2;Scadrians;Other;Terris
501;Fort;Tress of the Emerald Sea;Lumarans;Other;Other
503;Fourth Torish scholar;Yumi and the Nightmare Painter;Komashi;Nightmares;Torish
505;Franis;Mistborn Era 2;Scadrians;Other;Other
507;Frava;The Emperor's Soul;Selish;Other;Other
508;Fronks Vif;Mistborn Era 2;Scadrians;Other;Other
509;Frost;Other;Yolish;Dragon (cosmere);Other
510;Gabrathin;Stormlight Archive;Rosharans;Other;Other
511;Gabria;Mistborn Era 2;Scadrians;Other;Other
512;Gadol;Stormlight Archive;Rosharans;Other;Other
515;Galabris Menthon;Mistborn Era 2;Scadrians;Other;Other
516;Galan;Stormlight Archive;Rosharans;Alethi;Other
517;Galid;Stormlight Archive;Rosharans;Other;Other
519;Galladon;Elantris;Selish;Other;Other
520;Galladon's father;Elantris;Selish;Other;Other
521;Gallam;Stormlight Archive;Rosharans;Alethi;Other
522;Gallant;Stormlight Archive;Rosharans;Other;Other
523;Gallingskaw;Mistborn Era 1;Scadrians;Other;Other
524;Gangnah;Stormlight Archive;Rosharans;Singers;Other
526;Gaotona;The Emperor's Soul;Selish;Other;Other
527;Gare;Stormlight Archive;Rosharans;Other;Other
531;Gashash-son-Navammis;Stormlight Archive;Rosharans;Shin;Other
534;Gavarah;Stormlight Archive;Rosharans;Other;Other
536;Gave Entrone;Mistborn Era 2;Scadrians;Other;Other
537;Gavilar Kholin;Stormlight Archive;Rosharans;Alethi;Other
539;Gavri;Stormlight Archive;Rosharans;Other;Other
540;Gaz;Stormlight Archive;Rosharans;Other;Other
542;Gemmel;Mistborn Era 1;Scadrians;Other;Other
543;Gen;Stormlight Archive;Rosharans;Other;Other
546;General Khal;Stormlight Archive;Rosharans;Alethi;Other
549;Geranid;Stormlight Archive;Rosharans;Other;Other
550;Gereh;Stormlight Archive;Rosharans;Other;Terris
552;Getruda;Mistborn Era 2;Scadrians;Other;Other
553;Getrue;Mistborn Era 1;Scadrians;Skaa;Other
555;Geved;Stormlight Archive;Rosharans;Veden;Other
559;Giftbeacon;Warbreaker;Nalthians;Other;Hallandren
560;Gitgeth;Stormlight Archive;Rosharans;Singers;Other
562;Glys;Stormlight Archive;Rosharans;Spren;Other
563;Gneorndin Cett;Mistborn Era 1;Scadrians;Other;Other
564;Godeke;Stormlight Archive;Rosharans;Other;Other
565;Gol;Stormlight Archive;Rosharans;Other;Other
566;Golombi;Stormlight Archive;Rosharans;Other;Other
568;Gongsha mayor;Yumi and the Nightmare Painter;Komashi;Nightmares;Torish
569;Gor;Stormlight Archive;Rosharans;Other;Other
570;Goradel;Mistborn Era 1;Scadrians;Skaa;Other
577;Granks;Mistborn Era 2;Scadrians;Other;Other
578;Graves;Stormlight Archive;Rosharans;Alethi;Other
584;Gremt;White Sand;Taldaini;Lossandins;Daysiders
587;Grondkest;Elantris;Selish;Other;Other
595;Gustal;Tress of the Emerald Sea;Lumarans;Other;Other
596;Guvlow;Stormlight Archive;Rosharans;Other;Other
597;Guyn;Other;Other;Other;Other
599;Gyundok;Yumi and the Nightmare Painter;Komashi;Nightmares;Torish
600;Hab;Stormlight Archive;Rosharans;Other;Other
602;Habrin;Stormlight Archive;Rosharans;Alethi;Other
603;Habsant;Stormlight Archive;Rosharans;Other;Other
604;Haddek;Mistborn Era 1;Scadrians;Kandra;Terris
605;Hadinar;Stormlight Archive;Rosharans;Other;Other
606;Hadren Renoux;Mistborn Era 1;Other;Other;Other
608;Halam Khal;Stormlight Archive;Rosharans;Alethi;Other
610;Hallaw;Stormlight Archive;Rosharans;Alethi;Other
613;Hamel;Stormlight Archive;Rosharans;Other;Other
615;Hammond;Mistborn Era 1;Scadrians;Skaa;Other
617;Hanavanar;Stormlight Archive;Rosharans;Veden;Other
618;Handerwym;Mistborn Era 2;Scadrians;Other;Terris
619;Hanlanaze;Mistborn Era 2;Scadrians;Other;Terris
620;Haona;Elantris;Selish;Aonic;Other
622;Hardren;Mistborn Era 1;Scadrians;Other;Other
625;Haridan;The Sunlit Man;Residents of Canticle (page does not exist);Other;Other
626;Hariel;Stormlight Archive;Rosharans;Singers;Other
628;Harl;Stormlight Archive;Rosharans;Alethi;Other
633;Harvo;Stormlight Archive;Rosharans;Singers;Other
634;Hasavah;Stormlight Archive;Rosharans;Other;Other
635;Hashal;Stormlight Archive;Rosharans;Alethi;Other
636;Hasheh;Stormlight Archive;Rosharans;Veden;Other
637;Hatham;Stormlight Archive;Rosharans;Alethi;Other
640;Hav;Stormlight Archive;Rosharans;Alethi;Other
641;Havar;Stormlight Archive;Rosharans;Alethi;Other
642;Havarah;Stormlight Archive;Rosharans;Herdazians;Other
644;Havrom;Stormlight Archive;Rosharans;Alethi;Other
646;Haws;Mistborn Era 1;Scadrians;Skaa;Other
648;Heberen;Mistborn Era 1;Scadrians;Other;Other
650;Helaran Davar;Stormlight Archive;Rosharans;Veden;Other
659;Hessi;Stormlight Archive;Rosharans;Other;Other
660;Hettel;Mistborn Era 1;Scadrians;Skaa;Other
661;Hid;Stormlight Archive;Rosharans;Alethi;Other
662;Hikiri;Yumi and the Nightmare Painter;Komashi;Nagadan;Other
667;Hnanan;Stormlight Archive;Rosharans;Singers;Other
669;Hobber;Stormlight Archive;Rosharans;Other;Other
670;Hoid;Other;Yolish;Other;Other
672;Honam;Yumi and the Nightmare Painter;Komashi;Nightmares;Torish
673;Hopefinder;Warbreaker;Nalthians;Other;Hallandren
674;Horen;Elantris;Selish;Aonic;Other
675;Horinar;Stormlight Archive;Rosharans;Other;Other
678;Hrathen's seon;Elantris;Selish;Seons;Other
679;Hrdalm;Stormlight Archive;Rosharans;Other;Thaylen
682;Huio;Stormlight Archive;Rosharans;Herdazians;Other
685;Huqin;Stormlight Archive;Rosharans;Azish;Other
686;Hurli;The Emperor's Soul;Selish;Other;Other
687;Husal;Stormlight Archive;Rosharans;Singers;Other
688;Hwanji;Yumi and the Nightmare Painter;Komashi;Nightmares;Torish
690;Ialai Sadeas;Stormlight Archive;Rosharans;Alethi;Other
691;Ico;Stormlight Archive;Rosharans;Spren;Other
692;Ico's father;Stormlight Archive;Rosharans;Spren;Other
695;Idashwy;Mistborn Era 2;Scadrians;Other;Terris
697;Idolir;Stormlight Archive;Rosharans;Other;Other
698;Idotris;Elantris;Selish;Aonic;Arelene
699;Idren Seeris;Mistborn Era 1;Scadrians;Other;Other
700;Idrin;Stormlight Archive;Rosharans;Alethi;Other
701;Ien;Elantris;Selish;Seons;Other
702;Ikonora;Yumi and the Nightmare Painter;Komashi;Nagadan;Other
703;Ilamar;Stormlight Archive;Rosharans;Alethi;Other
704;Inabar;Stormlight Archive;Rosharans;Other;Other
705;Inadara;Stormlight Archive;Rosharans;Alethi;Other
710;Innia;Stormlight Archive;Rosharans;Other;Other
711;Insah;Stormlight Archive;Rosharans;Alethi;Other
713;Invia;Stormlight Archive;Rosharans;Other;Other
714;Irich;Mistborn Era 2;Scadrians;Other;Other
716;Isabi;Stormlight Archive;Rosharans;Other;Other
719;Isasik Shulin;Stormlight Archive;Rosharans;Alethi;Other
720;Ishal;Stormlight Archive;Rosharans;Alethi;Other
721;Ishar;Stormlight Archive;Rosharans;Other;Other
723;Ishnah;Stormlight Archive;Rosharans;Alethi;Other
724;Isom;Stormlight Archive;Rosharans;Other;Other
726;Ithi;Stormlight Archive;Rosharans;Alethi;Other
727;Ito;Yumi and the Nightmare Painter;Komashi;Nagadan;Other
729;Ivis;Stormlight Archive;Rosharans;Alethi;Other
730;Ivory;Stormlight Archive;Rosharans;Spren;Other
731;Ixil;Stormlight Archive;Rosharans;Other;Kharbranthians
732;Ixsix;Stormlight Archive;Rosharans;Other;Other
734;Iyatil;Stormlight Archive;Rosharans;Southern Scadrians;Other
735;Izumakamo;Yumi and the Nightmare Painter;Komashi;Nagadan;Other
738;Jak;Mistborn Era 2;Scadrians;Other;Other
739;Jakamav;Stormlight Archive;Rosharans;Alethi;Other
740;Jaks;Stormlight Archive;Rosharans;Other;Other
741;Jal Mala;Stormlight Archive;Rosharans;Veden;Other
750;Janarle;Mistborn Era 1;Scadrians;Koloss;Other
754;Jasalai;Stormlight Archive;Rosharans;Alethi;Other
755;Jasnah Kholin;Stormlight Archive;Rosharans;Alethi;Other
756;Jasten;Mistborn Era 1;Scadrians;Skaa;Other
757;Jastes Lekal;Mistborn Era 1;Scadrians;Other;Other
758;Jaston;Mistborn Era 1;Scadrians;Other;Other
759;Javie;Mistborn Era 2;Scadrians;Other;Other
761;Javies;Mistborn Era 2;Scadrians;Other;Other
762;Javih;Stormlight Archive;Rosharans;Other;Other
763;Jaxlim;Stormlight Archive;Rosharans;Singers;Other
769;Jedan;White Sand;Taldaini;Lossandins;Other
775;Jendellah;Mistborn Era 1;Scadrians;Other;Other
777;Jenin;Stormlight Archive;Rosharans;Other;Other
780;Jeshishin;Stormlight Archive;Rosharans;Singers;Other
783;Jevena;Stormlight Archive;Rosharans;Alethi;Other
784;Jewels;Warbreaker;Nalthians;Other;Hallandren
785;Jezrien;Stormlight Archive;Rosharans;Other;Other
787;Jin;Stormlight Archive;Rosharans;Other;Other
790;Jochi;Stormlight Archive;Rosharans;Other;Thaylen
793;Jon Acron;White Sand;Taldaini;Other;Darksiders
799;Joret;Stormlight Archive;Rosharans;Other;Other
800;Jorna;Stormlight Archive;Rosharans;Alethi;Other
802;Joshor;Stormlight Archive;Rosharans;Other;Kharbranthians
803;Jost;Stormlight Archive;Rosharans;Alethi;Other
807;Ka;Stormlight Archive;Rosharans;Other;Other
808;Kabsal;Stormlight Archive;Rosharans;Herdazians;Other
809;Kadash;Stormlight Archive;Rosharans;Alethi;Other
810;Kahar;Elantris;Selish;Aonic;Other
812;Kaise;Elantris;Selish;Other;Arelene
813;Kaladin;Stormlight Archive;Rosharans;Alethi;Other
814;Kalak;Stormlight Archive;Rosharans;Other;Other
815;Kalami;Stormlight Archive;Rosharans;Other;Other
816;Kalana;Stormlight Archive;Rosharans;Other;Other
817;Kalanor;Stormlight Archive;Rosharans;Alethi;Other
818;Kale Tekiel;Mistborn Era 1;Scadrians;Other;Other
820;Kalishor;Stormlight Archive;Rosharans;Alethi;Other
823;Kar;Mistborn Era 1;Scadrians;Other;Other
824;Kara;Stormlight Archive;Rosharans;Other;Other
825;Karata;Elantris;Selish;Aonic;Arelene
828;Karm;Stormlight Archive;Rosharans;Other;Other
834;Kaza;Stormlight Archive;Rosharans;Liaforan (page does not exist);Other
836;Kdralk;Stormlight Archive;Rosharans;Other;Thaylen
839;Kelerand;Stormlight Archive;Rosharans;Alethi;Other
841;Kellen;Mistborn Era 2;Scadrians;Other;Other
842;Kelsier;Mistborn Era 1;Scadrians;Skaa;Other
844;Kenton;White Sand;Taldaini;Lossandins;Darksiders
849;Kessi;Mistborn Era 2;Scadrians;Other;Other
852;Kevoux;Mistborn Era 1;Scadrians;Other;Other
857;Khrissalla;White Sand;Taldaini;Other;Darksiders
859;Ki;Stormlight Archive;Rosharans;Other;Other
860;Kiin;Elantris;Selish;Other;Teo
861;Kinaler;Mistborn Era 1;Scadrians;Skaa;Other
862;Kindwinds;Warbreaker;Nalthians;Other;Hallandren
864;Klade;Stormlight Archive;Rosharans;Singers;Other
865;Klisn;Stormlight Archive;Rosharans;Other;Thaylen
866;Kliss;Mistborn Era 1;Scadrians;Other;Other
869;Koen;Stormlight Archive;Rosharans;Alethi;Other
871;Koolf;Stormlight Archive;Rosharans;Other;Other
872;Koorm;Stormlight Archive;Rosharans;Other;Other
873;Korabet;Stormlight Archive;Rosharans;Other;Other
874;Korater;Stormlight Archive;Rosharans;Other;Other
876;Koravellium Avast;Stormlight Archive;Rosharans;Dragon (cosmere);Other
878;Kristir;Stormlight Archive;Rosharans;Other;Other
880;Kstled;Stormlight Archive;Rosharans;Other;Thaylen
882;Kuno;Stormlight Archive;Rosharans;Other;Other
883;Kurdon;Mistborn Era 1;Scadrians;Other;Other
884;Kurshina;The Emperor's Soul;Selish;Other;Other
886;Kwaan;Mistborn Era 1;Scadrians;Other;Terris
891;Kyril;Stormlight Archive;Rosharans;Singers;Other
892;Ladent;Stormlight Archive;Rosharans;Other;Other
896;Lady Gardre;Mistborn Era 2;Scadrians;Other;Other
900;Lady Patresen;Mistborn Era 1;Scadrians;Other;Other
902;Laggart;Tress of the Emerald Sea;Lumarans;Other;Other
903;Lahar;Stormlight Archive;Rosharans;Other;Other
904;Laird;Mistborn Era 1;Scadrians;Other;Other
907;Lamaril;Stormlight Archive;Rosharans;Alethi;Other
909;Lanacin;Stormlight Archive;Rosharans;Alethi;Other
913;Laran;Stormlight Archive;Rosharans;Other;Other
914;Laresh;Stormlight Archive;Rosharans;Other;Other
915;Larn (Roshar);Stormlight Archive;Rosharans;Other;Other
918;Lead;Tress of the Emerald Sea;Lumarans;Other;Other
919;Ledder;Stormlight Archive;Rosharans;Other;Other
924;Lemex;Warbreaker;Nalthians;Other;Idrians
925;Lemex's nurse;Warbreaker;Nalthians;Other;Terris
927;Leras;Mistborn Era 1;Scadrians;Other;Other
929;Leshwi;Stormlight Archive;Rosharans;Singers;Other
932;Leyten;Stormlight Archive;Rosharans;Other;Other
933;Lezian;Stormlight Archive;Rosharans;Singers;Other
934;Lhan;Stormlight Archive;Rosharans;Other;Other
935;Lhanin;Stormlight Archive;Rosharans;Other;Other
937;Lifeblesser;Warbreaker;Nalthians;Other;Hallandren
938;Lift;Stormlight Archive;Rosharans;Other;Reshi
943;Lin Davar;Stormlight Archive;Rosharans;Veden;Other
945;Lirin;Stormlight Archive;Rosharans;Alethi;Other
946;Liss;Stormlight Archive;Rosharans;Other;Other
948;Liyun;Yumi and the Nightmare Painter;Komashi;Nightmares;Torish
957;Longbrow;Stormlight Archive;Rosharans;Other;Thaylen
958;Longshadow;Stormlight Archive;Rosharans;Other;Other
959;Lopen;Stormlight Archive;Rosharans;Herdazians;Other
961;Loradar Vamah;Stormlight Archive;Rosharans;Alethi;Other
962;Lorain;Stormlight Archive;Rosharans;Other;Other
965;Lord Habren;Mistborn Era 1;Scadrians;Other;Other
966;Lord Hue;Mistborn Era 1;Scadrians;Other;Other
969;Loren;Elantris;Selish;Aonic;Other
970;Lossa;White Sand;Taldaini;Other;Other
972;Luesh;Stormlight Archive;Rosharans;Veden;Other
974;Lusintia;Stormlight Archive;Rosharans;Spren;Other
975;Lustow;Stormlight Archive;Rosharans;Alethi;Other
977;Lyn;Stormlight Archive;Rosharans;Alethi;Other
978;Lyndel;Stormlight Archive;Rosharans;Other;Other
980;Lyon;Stormlight Archive;Rosharans;Other;Other
982;Maare;Elantris;Selish;Aonic;Other
984;Maben;Stormlight Archive;Rosharans;Other;Kharbranthians
986;Macil;Mistborn Era 2;Scadrians;Other;Other
990;Mai;Elantris;Selish;Seons;Other
993;Maindew;Mistborn Era 2;Scadrians;Other;Other
999;Malal;Stormlight Archive;Rosharans;Singers;Other
1000;Malan;Stormlight Archive;Rosharans;Alethi;Other
1002;Malata;Stormlight Archive;Rosharans;Veden;Other
1007;Malop;Stormlight Archive;Rosharans;Alethi;Other
1008;Manaline;Stormlight Archive;Rosharans;Other;Other
1009;Maod;Other;Selish;Other;Other
1010;Maps;Stormlight Archive;Rosharans;Other;Other
1011;Mara (Roshar);Stormlight Archive;Rosharans;Alethi;Other
1014;Marasi Colms;Mistborn Era 2;Scadrians;Other;Other
1018;Mare;Mistborn Era 1;Scadrians;Skaa;Other
1019;Mareshe;Elantris;Selish;Aonic;Arelene
1023;Marks (Roshar);Stormlight Archive;Rosharans;Alethi;Other
1024;Marksman;Mistborn Era 2;Scadrians;Other;Other
1028;Marsh;Mistborn Era 1;Scadrians;Skaa;Other
1029;Mart;Stormlight Archive;Rosharans;Other;Other
1032;Masaka;Yumi and the Nightmare Painter;Komashi;Sleepless;Other
1034;Masly;Stormlight Archive;Rosharans;Other;Other
1035;Mastrell Rile;White Sand;Taldaini;Lossandins;Daysiders
1037;Mathingdaw;Mistborn Era 2;Scadrians;Other;Other
1038;Matieu;Mistborn Era 2;Scadrians;Other;Other
1039;Matisse;Elantris;Selish;Aonic;Arelene
1042;Maxin;Stormlight Archive;Rosharans;Azish;Other
1044;Mayalaran;Stormlight Archive;Rosharans;Spren;Other
1047;Mederia;Stormlight Archive;Rosharans;Other;Other
1051;Mela;Stormlight Archive;Rosharans;Other;Other
1052;MeLaan;Mistborn Era 2;Scadrians;Kandra;Other
1053;Melali;Stormlight Archive;Rosharans;Other;Other
1054;Melend Liese;Mistborn Era 1;Scadrians;Other;Other
1056;Melishi;Stormlight Archive;Rosharans;Other;Other
1059;Melu;Stormlight Archive;Rosharans;Singers;Other
1062;Mercystar;Warbreaker;Nalthians;Other;Hallandren
1063;Mereline;Mistborn Era 2;Scadrians;Other;Other
1064;Meridas Amaram;Stormlight Archive;Rosharans;Alethi;Other
1065;Merit;Stormlight Archive;Rosharans;Other;Other
1066;Mesh;Stormlight Archive;Rosharans;Other;Other
1069;Midge;Mistborn Era 1;Scadrians;Skaa;Other
1073;Mikaim;Stormlight Archive;Rosharans;Singers;Other
1074;Miklin;Mistborn Era 2;Scadrians;Other;Other
1076;Milen Davenpleu;Mistborn Era 1;Scadrians;Other;Other
1077;Miles Dagouter;Mistborn Era 2;Scadrians;Other;Terris
1083;Ministara;Stormlight Archive;Rosharans;Other;Other
1084;Mintez;Stormlight Archive;Rosharans;Other;Other
1085;Mirabell;Mistborn Era 2;Scadrians;Other;Other
1087;Mirthgiver;Warbreaker;Nalthians;Other;Hallandren
1092;Halex;Mistborn Era 2;Scadrians;Other;Other
1094;Moash;Stormlight Archive;Rosharans;Alethi;Other
1096;Moelach;Stormlight Archive;Rosharans;Spren;Other
1098;Moratel;Stormlight Archive;Rosharans;Other;Other
1100;Moril;White Sand;Taldaini;Lossandins;Daysiders
1101;Mosaic;Stormlight Archive;Rosharans;Spren;Other
1102;Motif;Stormlight Archive;Rosharans;Spren;Other
1103;Mraize;Stormlight Archive;Rosharans;Other;Thaylen
1104;Mrall;Stormlight Archive;Rosharans;Other;Thaylen
1108;Mrun;Stormlight Archive;Rosharans;Singers;Other
1109;Mungam;Stormlight Archive;Rosharans;Other;Other
1112;Murk;Stormlight Archive;Rosharans;Other;Other
1113;Murnbru;Mistborn Era 2;Scadrians;Other;Other
1115;Myalmr;Stormlight Archive;Rosharans;Other;Other
1117;Nacomb Gaval;Stormlight Archive;Rosharans;Alethi;Other
1118;Nafti;Stormlight Archive;Rosharans;Other;Other
1122;Naladan;Stormlight Archive;Rosharans;Other;Other
1124;Nale;Stormlight Archive;Rosharans;Other;Other
1125;Nalem;Stormlight Archive;Rosharans;Other;Other
1130;Namar;Stormlight Archive;Rosharans;Other;Other
1131;Nanakai;Yumi and the Nightmare Painter;Komashi;Nagadan;Other
1134;Nanhel Eltorv;Stormlight Archive;Rosharans;Other;Other
1138;Narm;Stormlight Archive;Rosharans;Other;Other
1139;Nashan;Stormlight Archive;Rosharans;Other;Other
1140;Natam;Stormlight Archive;Rosharans;Alethi;Other
1141;Natata Ved;Stormlight Archive;Rosharans;Veden;Other
1142;Natem;Stormlight Archive;Rosharans;Other;Other
1144;Navani Kholin;Stormlight Archive;Rosharans;Alethi;Other
1145;Navar;Stormlight Archive;Rosharans;Other;Other
1147;Nazrilof;Other;Threnodite;Other;Other
1149;Nem;Stormlight Archive;Rosharans;Other;Other
1152;Nergaoul;Stormlight Archive;Rosharans;Spren;Other
1153;Neshan;Stormlight Archive;Rosharans;Other;Other
1155;Neturo-son-Vallano;Stormlight Archive;Rosharans;Shin;Other
1156;New kid;Stormlight Archive;Rosharans;Other;Other
1157;Niali;Stormlight Archive;Rosharans;Other;Other
1158;Nicelle Sauvage;Mistborn Era 2;Scadrians;Other;Other
1159;Night Known;Stormlight Archive;Rosharans;Singers;Other
1160;Nightblood;Warbreaker;Nalthians;Other;Other
1161;Nightwatcher;Stormlight Archive;Rosharans;Spren;Other
1162;Nikaro;Yumi and the Nightmare Painter;Komashi;Nagadan;Other
1167;Niter;Stormlight Archive;Rosharans;Alethi;Other
1168;Nlan;Stormlight Archive;Rosharans;Other;Thaylen
1170;Nohadon;Stormlight Archive;Rosharans;Other;Other
1171;Noorden;Mistborn Era 1;Scadrians;Other;Other
1172;Norby;Stormlight Archive;Rosharans;Other;Other
1174;Noromin;Stormlight Archive;Rosharans;Alethi;Other
1175;Notum;Stormlight Archive;Rosharans;Spren;Other
1178;Lunamor;Stormlight Archive;Rosharans;Other;Unkalaki
1179;Nyen;The Emperor's Soul;Selish;Other;MaiPon
1183;Omal;Stormlight Archive;Rosharans;Azish;Other
1184;Omin;Elantris;Selish;Aonic;Arelene
1185;Oolelen;Stormlight Archive;Rosharans;Other;Other
1186;Opa;Elantris;Selish;Seons;Other
1188;OreSeur;Mistborn Era 1;Scadrians;Kandra;Other
1189;Ornament;Stormlight Archive;Rosharans;Spren;Other
1191;Paalm;Mistborn Era 2;Scadrians;Kandra;Other
1193;Pai;Stormlight Archive;Rosharans;Other;Other
1194;Pailiah;Stormlight Archive;Rosharans;Other;Other
1195;Pakson;Tress of the Emerald Sea;Lumarans;Other;Other
1199;Pama;Stormlight Archive;Rosharans;Other;Other
1201;Parlin;Warbreaker;Nalthians;Other;Idrians
1204;Pattern;Stormlight Archive;Rosharans;Spren;Other
1206;Peaceyearning;Warbreaker;Nalthians;Other;Hallandren
1207;Pedin;Stormlight Archive;Rosharans;Other;Other
1208;Peet;Stormlight Archive;Rosharans;Other;Other
1210;Perel;Stormlight Archive;Rosharans;Other;Other
1211;Peret;Mistborn Era 2;Scadrians;Other;Other
1212;Perethom;Stormlight Archive;Rosharans;Alethi;Other
1215;Phendorana;Stormlight Archive;Rosharans;Spren;Other
1216;Philen Frandeu;Mistborn Era 1;Scadrians;Skaa;Other
1218;Pitt;Stormlight Archive;Rosharans;Other;Other
1219;Placini;Stormlight Archive;Rosharans;Other;Other
1221;Pleadix;Stormlight Archive;Rosharans;Other;Other
1222;Pluv;Stormlight Archive;Rosharans;Other;Thaylen
1224;Prasanva;Mistborn Era 2;Other;Other;Other
1225;Praxton;White Sand;Taldaini;Lossandins;Taishin
1227;Pull;Mistborn Era 2;Scadrians;Other;Other
1228;Punio;Stormlight Archive;Rosharans;Herdazians;Other
1229;Push;Mistborn Era 2;Scadrians;Other;Other
1231;Quellion;Mistborn Era 1;Scadrians;Skaa;Other
1233;Raboniel;Stormlight Archive;Rosharans;Singers;Other
1234;Radathavian;Stormlight Archive;Rosharans;Other;Other
1235;Raksha;Stormlight Archive;Rosharans;Other;Other
1237;Ral-na;Stormlight Archive;Rosharans;Other;Reshi
1238;Ralinor;Stormlight Archive;Rosharans;Alethi;Other
1241;Ranette;Mistborn Era 2;Scadrians;Other;Other
1242;Raninor;Stormlight Archive;Rosharans;Other;Other
1243;Raoden;Elantris;Selish;Aonic;Arelene
1247;Rashek;Mistborn Era 1;Scadrians;Other;Terris
1248;Rayse;Stormlight Archive;Rosharans;Other;Other
1249;Razal;Mistborn Era 2;Scadrians;Other;Terris
1250;Re-Shephir;Stormlight Archive;Rosharans;Spren;Other
1251;Rebeke Salvage;The Sunlit Man;Threnodite;Other;Other
1252;Red (Roshar);Stormlight Archive;Rosharans;Other;Other
1255;Redalevin;Mistborn Era 1;Scadrians;Other;Other
1256;Redd;Mistborn Era 1;Scadrians;Skaa;Other
1257;Reddi;Mistborn Era 2;Scadrians;Other;Other
1259;Redin;Stormlight Archive;Rosharans;Veden;Other
1261;Reendel;White Sand;Taldaini;Other;Daysiders
1262;Reesh;Stormlight Archive;Rosharans;Other;Other
1263;Relador;Stormlight Archive;Rosharans;Other;Other
1265;Relis Ruthar;Stormlight Archive;Rosharans;Other;Other
1268;Remala;Stormlight Archive;Rosharans;Singers;Other
1273;Renarin Kholin;Stormlight Archive;Rosharans;Alethi;Other
1274;Rencalt;Stormlight Archive;Rosharans;Other;Other
1275;Rene;Mistborn Era 1;Scadrians;Other;Other
1276;Replar Innate;Mistborn Era 2;Scadrians;Other;Other
1277;Reral Makoram;Stormlight Archive;Rosharans;Other;Other
1279;Resi;Stormlight Archive;Rosharans;Alethi;Other
1284;Riah;Stormlight Archive;Rosharans;Spren;Other
1285;Rial;Stormlight Archive;Rosharans;Alethi;Other
1287;Rian Strobe;Mistborn Era 1;Scadrians;Other;Other
1290;Rien;Stormlight Archive;Rosharans;Other;Other
1291;Riika;Elantris;Selish;Aonic;Other
1292;Riil;Elantris;Selish;Aonic;Other
1293;Riina;Tress of the Emerald Sea;Selish;Other;Other
1294;Riino;Elantris;Other;Other;Other
1295;Rill;Stormlight Archive;Rosharans;Other;Other
1299;Rind;Stormlight Archive;Rosharans;Alethi;Other
1301;Rine;Stormlight Archive;Rosharans;Singers;Other
1303;Rira (character);Warbreaker;Nalthians;Other;Idrians
1306;Rittle;Mistborn Era 1;Scadrians;Skaa;Other
1307;Rlain;Stormlight Archive;Rosharans;Singers;Other
1310;Rod (Roshar);Stormlight Archive;Rosharans;Herdazians;Other
1312;Roion;Stormlight Archive;Rosharans;Alethi;Other
1313;Roion's son;Stormlight Archive;Rosharans;Alethi;Other
1316;Rua;Stormlight Archive;Rosharans;Spren;Other
1318;Ruddy;Mistborn Era 1;Scadrians;Other;Other
1321;Rushu;Stormlight Archive;Rosharans;Alethi;Other
1322;Rushur Kris;Stormlight Archive;Rosharans;Other;Other
1324;Rust Elthal;Stormlight Archive;Rosharans;Alethi;Other
1325;Ruthar;Stormlight Archive;Rosharans;Alethi;Other
1327;Sadees;Stormlight Archive;Rosharans;Alethi;Other
1331;Sakisa;Stormlight Archive;Rosharans;Other;Other
1332;Salay;Tress of the Emerald Sea;Lumarans;Other;Other
1334;Salinor Eved;Stormlight Archive;Rosharans;Alethi;Other
1335;Salmen Tekiel;Mistborn Era 1;Scadrians;Other;Other
1336;Samjae;Yumi and the Nightmare Painter;Komashi;Other;Torish
1337;Sand Lord;White Sand;Other;Other;Other
1339;Saolin;Elantris;Selish;Aonic;Arelene
1343;Sazed;Mistborn Era 1;Scadrians;Other;Terris
1346;Scrak;Stormlight Archive;Rosharans;Other;Other
1350;Sebasinar;Stormlight Archive;Rosharans;Other;Other
1354;Sekeir;Stormlight Archive;Rosharans;Spren;Other
1356;Selvest Vif;Mistborn Era 2;Scadrians;Other;Other
1358;Senna;Other;Other;Other;Other
1359;Senne Khald;Stormlight Archive;Rosharans;Other;Other
1360;Seor;Elantris;Selish;Aonic;Other
1363;Serugiadis;Stormlight Archive;Rosharans;Alethi;Other
1365;Shaday;Stormlight Archive;Rosharans;Alethi;Other
1366;Shalash;Stormlight Archive;Rosharans;Other;Other
1367;Shallan Davar;Stormlight Archive;Rosharans;Veden;Other
1369;Shan Elariel;Mistborn Era 1;Scadrians;Other;Other
1370;ShanVen;Elantris;Selish;Other;Other
1371;Shaor;Elantris;Selish;Aonic;Other
1373;Sharefel;Stormlight Archive;Rosharans;Singers;Other
1374;Shashara;Warbreaker;Nalthians;Other;Other
1377;She Who Dreams;Stormlight Archive;Rosharans;Singers;Other
1378;Sheler;Stormlight Archive;Rosharans;Alethi;Other
1380;Shim;Stormlight Archive;Rosharans;Alethi;Other
1382;Shob;Stormlight Archive;Rosharans;Other;Other
1383;Shoren;Stormlight Archive;Rosharans;Other;Other
1384;Shuanor;Stormlight Archive;Rosharans;Other;Other
1385;Shubalai;Stormlight Archive;Rosharans;Other;Other
1392;Sidin;Stormlight Archive;Rosharans;Alethi;Other
1393;Sigzil;Stormlight Archive;Rosharans;Makabaki (page does not exist);Other
1397;Silence's grandmother;Shadows for Silence;Threnodite;Other;Other
1400;Sinbian;Stormlight Archive;Rosharans;Other;Other
1401;Sindren;Mistborn Era 2;Scadrians;Other;Other
1406;Sixteen;Stormlight Archive;Other;Other;Other
1408;Sja-anat;Stormlight Archive;Rosharans;Spren;Other
1409;Skai;Elantris;Selish;Other;Other
1410;Skar;Stormlight Archive;Rosharans;Other;Other
1412;Skiff;Mistborn Era 1;Scadrians;Other;Other
1414;Slowswift;Mistborn Era 1;Scadrians;Other;Other
1417;Smta;Stormlight Archive;Rosharans;Other;Thaylen
1418;Snagu;Tress of the Emerald Sea;Lumarans;Other;Other
1424;Spanky;Mistborn Era 1;Scadrians;Other;Other
1425;Spark;Stormlight Archive;Rosharans;Spren;Other
1426;Spook;Mistborn Era 1;Scadrians;Skaa;Other
1428;Stanoux;Mistborn Era 2;Scadrians;Other;Other
1429;Stansi;Mistborn Era 2;Scadrians;Other;Other
1432;Starfalls Stoneward;Stormlight Archive;Rosharans;Other;Other
1433;Starfalls Windrunner;Stormlight Archive;Rosharans;Other;Other
1434;Stargyle;Stormlight Archive;Rosharans;Other;Other
1435;Stase Blanches;Mistborn Era 1;Scadrians;Other;Other
1438;Lightsong;Warbreaker;Nalthians;Other;Hallandren
1440;Stillmark;Warbreaker;Nalthians;Other;Hallandren
1442;Stivient;The Emperor's Soul;Selish;Other;Other
1443;Stormfather;Stormlight Archive;Rosharans;Spren;Other
1444;Straff Venture;Mistborn Era 1;Scadrians;Other;Other
1447;Sukishi;Yumi and the Nightmare Painter;Komashi;Nagadan;Other
1450;Sunjun;Yumi and the Nightmare Painter;Komashi;Nightmares;Torish
1452;Sureblood;Stormlight Archive;Rosharans;Other;Other
1453;Susebron;Warbreaker;Nalthians;Other;Hallandren
1454;Susebron the Fourth;Warbreaker;Nalthians;Other;Hallandren
1457;Syasikk;Stormlight Archive;Rosharans;Other;Other
1458;Sylphrena;Stormlight Archive;Rosharans;Spren;Other
1459;Szeth;Stormlight Archive;Rosharans;Shin;Other
1460;Szeth's highspren;Stormlight Archive;Rosharans;Spren;Other
1461;Taan;Elantris;Selish;Aonic;Arelene
1463;Tadet;Stormlight Archive;Rosharans;Other;Other
1468;Taid;Elantris;Selish;Aonic;Arelene
1469;Tain;White Sand;Taldaini;Lossandins;Daysiders
1470;Taka;Stormlight Archive;Rosharans;Alethi;Other
1471;Takanda;Yumi and the Nightmare Painter;Komashi;Nagadan;Other
1473;Talanah;Stormlight Archive;Rosharans;Other;Other
1474;Talanan;Stormlight Archive;Rosharans;Alethi;Other
1475;Talanor;Stormlight Archive;Rosharans;Alethi;Other
1477;Talatin;Stormlight Archive;Rosharans;Other;Other
1479;Talenel;Stormlight Archive;Rosharans;Other;Other
1481;Tallan;Stormlight Archive;Rosharans;Other;Other
1482;Talnah;Stormlight Archive;Rosharans;Other;Other
1484;Tanalan's father;Stormlight Archive;Rosharans;Alethi;Other
1486;Tanavast;Stormlight Archive;Rosharans;Other;Other
1487;Tao;The Emperor's Soul;Selish;Other;MaiPon
1491;Taravangian;Stormlight Archive;Rosharans;Other;Kharbranthians
1493;Tarilar;Stormlight Archive;Rosharans;Other;Other
1498;Tarson;Mistborn Era 2;Scadrians;Koloss;Other
1501;Tashlin;Stormlight Archive;Rosharans;Other;Other
1505;Taudr;Mistborn Era 2;Scadrians;Other;Other
1508;Tearim;Stormlight Archive;Rosharans;Alethi;Other
1509;Teft;Stormlight Archive;Rosharans;Alethi;Other
1510;Tegas;Mistborn Era 1;Scadrians;Other;Other
1511;Telden Hasting;Mistborn Era 1;Scadrians;Other;Other
1512;Teleb;Stormlight Archive;Rosharans;Alethi;Other
1516;Telsin Ladrian;Mistborn Era 2;Scadrians;Other;Terris
1517;Temadre;Mistborn Era 1;Scadrians;Other;Other
1521;Tendel;White Sand;Taldaini;Other;Daysiders
1522;Tenrao;Elantris;Selish;Aonic;Other
1523;TenSoon;Mistborn Era 1;Scadrians;Kandra;Other
1524;Teofil;Stormlight Archive;Rosharans;Alethi;Other
1525;Teor;Elantris;Selish;Aonic;Arelene
1530;Terri;Mistborn Era 2;Scadrians;Other;Other
1531;Terxim;Stormlight Archive;Rosharans;Other;Other
1534;Testament;Stormlight Archive;Rosharans;Spren;Other
1535;Tesuaka Tatomi;Yumi and the Nightmare Painter;Komashi;Nagadan;Other
1537;Teven Renoux;Mistborn Era 1;Scadrians;Other;Other
1538;Tevidian Tekiel;Mistborn Era 1;Scadrians;Other;Other
1539;Thakka;Stormlight Archive;Rosharans;Alethi;Other
1540;Thame;Warbreaker;Nalthians;Other;Idrians
1541;Thanadal;Stormlight Archive;Rosharans;Alethi;Other
1543;Themos Tresting;Mistborn Era 1;Scadrians;Other;Other
1551;Thude;Stormlight Archive;Rosharans;Singers;Other
1552;Thurts;Mistborn Era 1;Scadrians;Skaa;Other
1553;Tibon;Stormlight Archive;Rosharans;Alethi;Other
1554;Tien;Stormlight Archive;Rosharans;Alethi;Other
1555;Tifandor;Stormlight Archive;Rosharans;Other;Other
1558;Tigzikk;Stormlight Archive;Rosharans;Azish;Other
1559;Tiil;Elantris;Selish;Aonic;Arelene
1562;Timbre;Stormlight Archive;Rosharans;Spren;Other
1563;Tinalar;Stormlight Archive;Rosharans;Alethi;Other
1564;Tindwyl;Mistborn Era 1;Scadrians;Other;Terris
1573;Tojin;Yumi and the Nightmare Painter;Komashi;Nagadan;Other
1574;Tomor;Stormlight Archive;Rosharans;Alethi;Other
1576;Ton (Veden);Stormlight Archive;Rosharans;Veden;Other
1577;Tonk Fah;Warbreaker;Nalthians;Other;Pahn Kahl
1579;Toorim;Stormlight Archive;Rosharans;Other;Other
1584;Torfin;Stormlight Archive;Rosharans;Other;Other
1587;Torol Sadeas;Stormlight Archive;Rosharans;Alethi;Other
1588;Torth;White Sand;Taldaini;Other;Darksiders
1589;Tozbek;Stormlight Archive;Rosharans;Other;Thaylen
1590;Traiben;White Sand;Taldaini;Lossandins;Daysiders
1591;Trap;Mistborn Era 1;Scadrians;Skaa;Other
1592;Traxil;Stormlight Archive;Rosharans;Other;Other
1593;Treff;Stormlight Archive;Rosharans;Other;Other
1597;Tren-Pedri Delouse;Mistborn Era 1;Scadrians;Other;Other
1598;Trendalan;Mistborn Era 1;Scadrians;Other;Other
1599;Trentison;Mistborn Era 1;Scadrians;Other;Other
1600;Tress;Tress of the Emerald Sea;Lumarans;Other;Other
1602;Triss;Mistborn Era 1;Scadrians;Other;Other
1603;Troalin;Mistborn Era 1;Scadrians;Skaa;Other
1604;Troubeld;Mistborn Era 1;Scadrians;Other;Other
1605;Truth-Is-Waiting;The Sunlit Man;Threnodite;Other;Other
1606;Truthcall;Warbreaker;Nalthians;Other;Hallandren
1607;Tsa;Stormlight Archive;Rosharans;Natan;Other
1608;Tshadr;Stormlight Archive;Rosharans;Other;Thaylen
1612;Tukks;Stormlight Archive;Rosharans;Alethi;Other
1613;Tumi;Stormlight Archive;Rosharans;Spren;Other
1615;Turash;Stormlight Archive;Rosharans;Singers;Other
1616;Turinad Sebarial;Stormlight Archive;Rosharans;Alethi;Other
1617;Turlm;Stormlight Archive;Rosharans;Other;Thaylen
1618;Tusa;Stormlight Archive;Rosharans;Singers;Other
1620;Ty;Stormlight Archive;Rosharans;Other;Other
1621;Tyden;Mistborn Era 1;Scadrians;Other;Other
1623;Ua'pam;Stormlight Archive;Rosharans;Spren;Other
1624;Ulaam;Tress of the Emerald Sea;Scadrians;Kandra;Other
1627;Uli Da;Shadows for Silence;Yolish;Sho Del;Other
1628;Ulim;Stormlight Archive;Rosharans;Spren;Other
1629;Ulina;Stormlight Archive;Rosharans;Alethi;Other
1630;Ulvlk;Stormlight Archive;Rosharans;Other;Thaylen
1631;Unativi;Stormlight Archive;Rosharans;Spren;Other
1634;Urad;Stormlight Archive;Rosharans;Other;Other
1635;Urdree;Mistborn Era 1;Scadrians;Other;Other
1637;Uriam;Stormlight Archive;Rosharans;Singers;Other
1638;Urian;Stormlight Archive;Rosharans;Veden;Other
1640;Urv;Stormlight Archive;Rosharans;Veden;Siln (page does not exist)
1641;Usasha;Yumi and the Nightmare Painter;Komashi;Nagadan;Other
1642;Uscri;Stormlight Archive;Rosharans;Other;Other
1643;Ushnaka;The Emperor's Soul;Selish;Other;Other
1644;Vaceslv;Stormlight Archive;Rosharans;Alethi;Thaylen
1645;Vadam;Stormlight Archive;Other;Other;Other
1646;Vahr;Warbreaker;Nalthians;Other;Pahn Kahl
1648;Vaiu;Stormlight Archive;Rosharans;Spren;Other
1649;Valam;Stormlight Archive;Rosharans;Veden;Other
1653;Varala;Stormlight Archive;Rosharans;Other;Other
1654;Varanis;Stormlight Archive;Rosharans;Singers;Other
1655;Varas;Stormlight Archive;Rosharans;Other;Kharbranthians
1656;Vardinar;Stormlight Archive;Rosharans;Alethi;Other
1658;Varnali;Stormlight Archive;Rosharans;Singers;Other
1660;Varth;Stormlight Archive;Rosharans;Other;Other
1662;Vathah;Stormlight Archive;Rosharans;Other;Other
1663;Vathe;Stormlight Archive;Rosharans;Other;Other
1665;Vatwha;Stormlight Archive;Rosharans;Singers;Other
1666;Vazrmeb;Stormlight Archive;Rosharans;Other;Thaylen
1667;Ved (Stormlight);Stormlight Archive;Rosharans;Other;Other
1668;Vedekar Perel;Stormlight Archive;Rosharans;Alethi;Other
1669;Vedel;Stormlight Archive;Rosharans;Other;Other
1673;Velat;Stormlight Archive;Rosharans;Alethi;Other
1675;Ven;Stormlight Archive;Rosharans;Alethi;Other
1678;Venli;Stormlight Archive;Rosharans;Singers;Other
1679;Vennin;White Sand;Taldaini;Lossandins;Daysiders
1682;Veratorim;Stormlight Archive;Rosharans;Spren;Other
1684;Vershad;Mistborn Era 1;Scadrians;Koloss;Other
1685;Human;Mistborn Era 1;Scadrians;Koloss;Other
1686;Vespan;Stormlight Archive;Rosharans;Spren;Other
1687;Vet (Roshar);Stormlight Archive;Rosharans;Other;Other
1688;Vet (Scadrial);Mistborn Era 2;Scadrians;Skaa;Other
1689;Vevanara;Stormlight Archive;Rosharans;Other;Other
1693;Vila Mecant;Mistborn Era 2;Scadrians;Other;Other
1694;Vin;Mistborn Era 1;Scadrians;Skaa;Other
1696;Vin's sister;Mistborn Era 1;Scadrians;Other;Other
1697;Vivenna's Blade;Stormlight Archive;Rosharans;Other;Other
1700;Vlxim;Stormlight Archive;Rosharans;Other;Thaylen
1701;Vo;Warbreaker;Nalthians;Other;Other
1704;Vrandl;Stormlight Archive;Rosharans;Other;Thaylen
1705;Vratim;Stormlight Archive;Rosharans;Other;Other
1710;Wan ShaiLu;The Emperor's Soul;Selish;Other;MaiPon
1712;Warren;Stormlight Archive;Rosharans;Azish;Other
1713;Waxillium Ladrian;Mistborn Era 2;Scadrians;Other;Terris
1714;Wayne;Mistborn Era 2;Scadrians;Other;Terris
1716;Weatherlove;Warbreaker;Nalthians;Other;Hallandren
1720;Wellen;Mistborn Era 1;Scadrians;Skaa;Other
1721;Wellid;Mistborn Era 2;Scadrians;Other;Other
1722;Wells;Mistborn Era 2;Scadrians;Other;Other
1723;Wema;Stormlight Archive;Other;Other;Other
1731;Winnow (Roshar);Stormlight Archive;Rosharans;Spren;Other
1732;Winsting Innate;Mistborn Era 2;Scadrians;Other;Other
1735;Word of Deeds;Stormlight Archive;Rosharans;Singers;Other
1738;Wvlan;Stormlight Archive;Rosharans;Other;Thaylen
1739;Wyndle;Stormlight Archive;Rosharans;Spren;Other
1742;Xisisrefliel;Tress of the Emerald Sea;Other;Dragon (cosmere);Other
1743;Yaalani;Sixth of the Dusk;Other;Other;Eelakin
1744;Yake;Stormlight Archive;Rosharans;Other;Other
1745;Yalb;Stormlight Archive;Rosharans;Other;Thaylen
1746;Yanagawn;Stormlight Archive;Rosharans;Azish;Other
1748;Yara;Stormlight Archive;Rosharans;Other;Other
1749;Yarda;Warbreaker;Nalthians;Other;Idrians
1750;Yazad (Sel);The Emperor's Soul;Selish;Other;Other
1751;Yeden;Mistborn Era 1;Scadrians;Skaa;Other
1752;Yeeden;White Sand;Taldaini;Lossandins;Daysiders
1754;Yelig-nar;Stormlight Archive;Rosharans;Spren;Other
1755;Yenev;Stormlight Archive;Rosharans;Alethi;Other
1756;Yestal;Mistborn Era 1;Scadrians;Other;Other
1757;Yesteel;Warbreaker;Nalthians;Other;Other
1759;Yil;The Emperor's Soul;Selish;Other;Other
1762;Yixli;Stormlight Archive;Rosharans;Spren;Other
1763;Ym;Stormlight Archive;Rosharans;Iriali;Other
1766;Ytves;Mistborn Era 1;Scadrians;Other;Other
1767;Yuinshi;Yumi and the Nightmare Painter;Komashi;Nagadan;Other
1769;Yumi;Yumi and the Nightmare Painter;Komashi;Other;Torish
1770;Yunfah;Stormlight Archive;Rosharans;Spren;Other
1772;Yustara;Stormlight Archive;Rosharans;Other;Other
1774;Zane Venture;Mistborn Era 1;Scadrians;Other;Other
1776;Zedzil;Stormlight Archive;Rosharans;Other;Other
1777;Zeheb;Stormlight Archive;Rosharans;Other;Other
1778;Zellion (Threnody);The Sunlit Man;Threnodite;Other;Other
1779;Zen-daughter-Vath;Stormlight Archive;Rosharans;Shin;Other
1780;Zendid;Stormlight Archive;Rosharans;Other;Other
1781;Zetah;Stormlight Archive;Rosharans;Other;Other
1782;Zu (Roshar);Stormlight Archive;Rosharans;Iriali;Other
1783;Zu (Sel);The Emperor's Soul;Selish;Other;Other
1784;Zuln;Stormlight Archive;Rosharans;Singers;Other
